"Timestamp","Age: ","Gender","Overall how would you rate your physical health?","Overall how would you rate your mental health?","During the past 4 weeks, have you had any problems with your work or daily life due to your physical health?","During the past 4 weeks, have you had any problems with your work or daily life due to any emotional problems, such as feeling depressed, sad or anxious?","Do you consider yourself as a person who suffers from a mental illness?","Do you or any of your family members have history of a mental illness?","Do you consider yourself as a person who accepts  Psychotherapy؟","How often do you visit a psychiatric?","Have you been diagnosed with any of the following illnesses?","Are you currently taking any medication?","How often do you feel particularly low or down for more than 2 weeks in a row?","During the past two weeks, how often has your mental health affected your relationships?","What is your relationship status?","Do you feel content with your relationships and family?","How often do you experience below? [Calm and peaceful]","How often do you experience below? [Energetic]","How often do you experience below? [Gloomy]","How often do you experience below? [Angry]","Have you noticed any change in your diet habits?","Do you consider yourself as a person who sees things","How many hours do you sleep per day?","How is your quality of sleep?","How often do you smoke?","Are you going through a tough emotional situation?","Have you changed your routine recently?","Do you consider mental health as an important topic that needs more attention?","How much would you like the idea of an application on smartphones that can track your mental health state?","Do you want to share any comments?"
"2023/04/30 3:31:44 pm GMT+3","21-30","Female","4","3","No","Maybe","Maybe","No","Yes","Never","","No","Not so often","Somewhat often","Single","Yes","Most of the time","Most of the time","Once in a while","Never","No Change","from a positive perspective","9+","4","Once a few weeks","No","Yes, slightly","Yes","5",""
"2023/04/30 3:36:10 pm GMT+3","21-30","Male","2","2","Maybe","Yes","Maybe","Yes","Yes","Never","Depression","No","Somewhat often","Somewhat often","Single","Sometimes","Always","Most of the time","Once in a while","Never","Yes, I don't feel hungry","As they are","7-9","3","Never","Yes","Yes, quite a bit","Yes","1",""
"2023/04/30 3:38:41 pm GMT+3","21-30","Female","3","3","Yes","Yes","Maybe","No","Yes","Never","Anxiety;Depression;Sleep disorder (insomnia);Panic disorder;Mood disorder;Post-traumatic stress disorder","No","Not so often","Somewhat often","Single","Yes","Once in a while","Most of the time","Once in a while","Once in a while","Yes, I don't feel hungry","from a negative perspective","7-9","3","Once a few weeks","Yes","No","Yes","5","-"
"2023/04/30 3:38:46 pm GMT+3","15-20","Male","4","2","Maybe","Yes","No","No","No","Never","Anxiety","No","Not so often","Not at all","Single","Yes","Always","Once in a while","Never","Never","No Change","As they are","7-9","1","Never","No","No","Yes","2",""
"2023/04/30 3:39:09 pm GMT+3","15-20","Male","3","4","Yes","No","Maybe","Yes","No","Never","Eating disorder","No","Not so often","Somewhat often","Single","Yes","Most of the time","Always","Once in a while","Most of the time","Yes, I don't feel hungry","As they are","7-9","2","Never","No","Yes, quite a bit","Yes","2",""
"2023/04/30 3:39:55 pm GMT+3","21-30","Female","2","2","Yes","Yes","Maybe","I don't know","Yes","Never","Anxiety;Depression;Sleep disorder (insomnia);Panic disorder;Mood disorder;Post-traumatic stress disorder","No","Somewhat often","Very often","Single","Sometimes","Once in a while","Once in a while","Most of the time","Most of the time","Yes, I don't feel hungry","As they are","Less than 4","2","Never","Yes","Yes, slightly","Yes","4",""
"2023/04/30 3:40:43 pm GMT+3","15-20","Male","3","1","No","No","Yes","I don't know","I don't know","Never","Anxiety;Depression;Eating disorder;Sleep disorder (insomnia);Mood disorder;Engineering","No","Somewhat often","Somewhat often","Single","No","Never","Once in a while","Most of the time","Never","Yes, I don't feel hungry","from a negative perspective","4-6","1","Never","No","Yes, slightly","Yes","1",""
"2023/04/30 3:44:58 pm GMT+3","40+","Female","4","3","Maybe","Yes","Yes","No","Yes","Never","Panic disorder","No","Not so often","Somewhat often","Married","Sometimes","Most of the time","Once in a while","Once in a while","Most of the time","No Change","from a negative perspective","7-9","3","Never","Yes","Yes, slightly","Yes","4","No"
"2023/04/30 3:44:58 pm GMT+3","15-20","Female","3","4","Yes","No","No","No","No","Never","Depression;Eating disorder;Panic disorder","No","Not at all","Not at all","Single","Yes","Most of the time","Always","Never","Never","No Change","from a positive perspective","7-9","5","Never","No","No","Yes","5",""
"2023/04/30 3:45:56 pm GMT+3","21-30","Male","3","3","Yes","Maybe","Maybe","I don't know","Yes","Once","Depression;Sleep disorder (insomnia)","Yes","Not at all","Very often","Engaged ","Yes","Always","Once in a while","Most of the time","Once in a while","Yes, I eat too much","from a negative perspective","7-9","3","Never","Yes","Yes, quite a bit","Yes","5","No"
"2023/04/30 3:49:06 pm GMT+3","31-40","Female","2","3","No","No","No","No","Yes","Never","None","No","Not at all","Not so often","Married","Sometimes","Most of the time","Most of the time","Never","Once in a while","No Change","from a positive perspective","7-9","3","Never","No","Yes, slightly","Yes","5",""
"2023/04/30 3:50:18 pm GMT+3","15-20","Female","3","4","Yes","Maybe","Maybe","Yes","Yes","Once","","No","Somewhat often","Not so often","Single","Yes","Most of the time","Once in a while","Most of the time","Once in a while","Yes, I don't feel hungry","As they are","4-6","2","Never","No","Yes, quite a bit","Yes","5",""
"2023/04/30 3:51:11 pm GMT+3","15-20","Female","5","1","No","Yes","Yes","Yes","Yes","Never","Post-traumatic stress disorder","No","Not so often","Somewhat often","Single","Sometimes","Most of the time","Once in a while","Once in a while","Once in a while","No Change","from a negative perspective","9+","4","Once a few weeks","No","Yes, slightly","Yes","5",""
"2023/04/30 3:51:25 pm GMT+3","21-30","Female","3","3","Yes","Yes","Maybe","No","Yes","Never","","No","Not so often","Not so often","Engaged ","Yes","Most of the time","Once in a while","Never","Most of the time","Yes, I don't feel hungry","As they are","4-6","3","Once a few weeks","Yes","No","Yes","5",""
"2023/04/30 3:55:21 pm GMT+3","15-20","Female","4","4","No","No","Maybe","I don't know","Yes","Never","Anxiety;Eating disorder","No","Not so often","Not at all","Single","Yes","Most of the time","Most of the time","Once in a while","Most of the time","No Change","As they are","7-9","5","Once every day","No","No","Yes","3",""
"2023/04/30 3:55:30 pm GMT+3","31-40","Female","3","3","Maybe","Yes","Maybe","No","Yes","Once","Anxiety;Depression;Sleep disorder (insomnia);Mood disorder","No","Somewhat often","Very often","Married","Sometimes","Once in a while","Once in a while","Once in a while","Once in a while","Yes, I eat too much","As they are","4-6","1","Never","Yes","Yes, slightly","Yes","4",""
"2023/04/30 3:56:32 pm GMT+3","40+","Female","3","1","Yes","Yes","Yes","Yes","Yes","Never","Mood disorder","Yes","Somewhat often","Not so often","Single","No","Most of the time","Once in a while","Once in a while","Once in a while","Yes, I eat too much","As they are","4-6","2","Once every day","Yes","Yes, slightly","Yes","1","Never mind "
"2023/04/30 3:57:56 pm GMT+3","21-30","Female","5","5","No","Maybe","No","No","I don't know","Never","Depression;","No","Not at all","Not at all","Single","Sometimes","Always","Once in a while","Never","Never","Yes, I don't feel hungry","As they are","7-9","5","Once every day","No","No","No","3","No"
"2023/04/30 4:01:57 pm GMT+3","21-30","Female","1","4","Maybe","Yes","No","No","Yes","Once","Eating disorder","No","Not so often","Somewhat often","Single","Yes","Most of the time","Most of the time","Once in a while","Never","Yes, I eat too much","from a positive perspective","7-9","4","Once a few weeks","No","Yes, slightly","Yes","5",""
"2023/04/30 4:04:23 pm GMT+3","21-30","Female","2","2","No","Yes","Maybe","Yes","Yes","Never","","No","Very often","Somewhat often","Single","Sometimes","Once in a while","Once in a while","Most of the time","Once in a while","No Change","As they are","9+","2","Never","Yes","Yes, slightly","Yes","5",""
"2023/04/30 4:04:26 pm GMT+3","15-20","Female","5","3","No","Yes","Yes","I don't know","Yes","Never","","No","Very often","Somewhat often","Single","Yes","Most of the time","Once in a while","Most of the time","Once in a while","Yes, I don't feel hungry","As they are","9+","5","Never","Yes","Yes, slightly","Yes","3",""
"2023/04/30 4:11:50 pm GMT+3","15-20","Female","4","4","No","No","No","No","Yes","Never","","No","Not at all","Not at all","Single","Yes","Most of the time","Always","Once in a while","Never","No Change","from a positive perspective","Less than 4","3","Never","No","Yes, slightly","Yes","5",""
"2023/04/30 4:13:39 pm GMT+3","15-20","Female","3","3","Yes","Yes","Yes","No","Yes","Never","","No","Not so often","Somewhat often","Single","Sometimes","Never","Once in a while","Most of the time","Most of the time","No Change","from a negative perspective","7-9","5","Never","Yes","No","Yes","5",""
"2023/04/30 4:13:42 pm GMT+3","15-20","Female","3","2","Yes","Yes","Maybe","I don't know","Yes","Never","Anxiety;Depression;Eating disorder;Panic disorder;Post-traumatic stress disorder","No","Very often","Not at all","Single","Sometimes","Never","Most of the time","Most of the time","Most of the time","Yes, I eat too much","from a negative perspective","7-9","4","Never","Yes","Yes, quite a bit","Yes","5",""
"2023/04/30 4:14:13 pm GMT+3","21-30","Female","4","4","No","No","No","No","Yes","Never","","No","Not so often","Not so often","Single","Yes","Most of the time","Most of the time","Once in a while","Once in a while","Yes, I eat too much","from a positive perspective","9+","4","Never","No","Yes, slightly","Yes","4",""
"2023/04/30 4:17:24 pm GMT+3","15-20","Female","4","4","No","Maybe","Maybe","No","Yes","Never","Mood disorder","No","Not at all","Not so often","Single","Yes","Once in a while","Most of the time","Once in a while","Once in a while","Yes, I don't feel hungry","from a positive perspective","7-9","3","Never","No","Yes, slightly","Yes","3",""
"2023/04/30 4:26:56 pm GMT+3","31-40","Female","1","5","Maybe","No","No","No","Yes","Never","","No","Somewhat often","Very often","Single","No","Most of the time","Most of the time","Once in a while","Once in a while","Yes, I don't feel hungry","As they are","7-9","3","Never","Yes","Yes, slightly","Yes","3","No"
"2023/04/30 4:30:40 pm GMT+3","21-30","Female","3","3","Maybe","Yes","Maybe","Yes","Yes","Never","Eating disorder","No","Somewhat often","Somewhat often","Single","Sometimes","Once in a while","Once in a while","Once in a while","Once in a while","Yes, I eat too much","from a positive perspective","7-9","3","Never","No","No","Yes","5",""
"2023/04/30 4:32:47 pm GMT+3","21-30","Female","4","3","No","Yes","Yes","Yes","Yes","Every once in a while","Anxiety;Depression;Eating disorder","No","Very often","Not so often","Single","Sometimes","Once in a while","Once in a while","Most of the time","Most of the time","No Change","As they are","Less than 4","2","Never","Yes","Yes, quite a bit","Yes","5",""
"2023/04/30 4:36:37 pm GMT+3","21-30","Female","3","3","No","Yes","Maybe","I don't know","Yes","Never","","No","Somewhat often","Not so often","Single","Sometimes","Most of the time","Most of the time","Once in a while","Once in a while","Yes, I eat too much","from a positive perspective","7-9","3","Never","No","Yes, slightly","Yes","3",""
"2023/04/30 4:43:20 pm GMT+3","31-40","Female","3","2","Maybe","Yes","Maybe","I don't know","Yes","Every once in a while","Epilepsy ","Yes","Not so often","Somewhat often","Married","Yes","Once in a while","Most of the time","Once in a while","Once in a while","No Change","from a negative perspective","7-9","4","Never","Yes","Yes, quite a bit","Yes","5","Good luck :)"
"2023/04/30 4:53:46 pm GMT+3","21-30","Female","2","2","No","Yes","Maybe","No","Yes","Never","","No","Somewhat often","Somewhat often","Single","Sometimes","Once in a while","Once in a while","Most of the time","Most of the time","No Change","As they are","7-9","3","Never","No","No","Yes","5",""
"2023/04/30 4:54:12 pm GMT+3","21-30","Female","4","5","No","Maybe","No","Yes","No","Never","","No","Not so often","Very often","Single","Sometimes","Most of the time","Most of the time","Once in a while","Once in a while","No Change","As they are","7-9","4","Never","Yes","No","Yes","1",""
"2023/04/30 4:58:47 pm GMT+3","15-20","Female","4","2","No","Yes","Yes","Yes","Yes","Every once in a while","Anxiety;Depression;Eating disorder","No","Very often","Very often","Single","Sometimes","Once in a while","Once in a while","Once in a while","Once in a while","Yes, I don't feel hungry","As they are","7-9","3","Never","Yes","No","Yes","4",""
"2023/04/30 4:59:48 pm GMT+3","15-20","Female","3","3","No","Yes","Yes","Yes","Yes","Once","Eating disorder","No","Very often","Somewhat often","Single","Yes","Once in a while","Most of the time","Always","Most of the time","Yes, I eat too much","from a negative perspective","7-9","3","Never","No","Yes, slightly","Yes","5",""
"2023/04/30 4:59:58 pm GMT+3","15-20","Female","4","3","Yes","Maybe","No","No","Yes","Never","Anxiety","No","Not so often","Somewhat often","Single","Yes","Most of the time","Once in a while","Once in a while","Never","Yes, I eat too much","As they are","9+","3","Never","No","No","Yes","5",""
"2023/04/30 5:03:57 pm GMT+3","15-20","Female","3","3","No","Yes","Yes","No","Yes","Never","Anxiety","Yes","Somewhat often","Not so often","Single","Yes","Once in a while","Once in a while","Most of the time","Most of the time","Yes, I eat too much","from a negative perspective","9+","4","Never","Yes","No","Yes","5",""
"2023/04/30 5:09:16 pm GMT+3","15-20","Female","4","2","No","Yes","Yes","Yes","Yes","Never","Mood disorder","No","Very often","Very often","Single","No","Once in a while","Once in a while","Most of the time","Once in a while","Yes, I eat too much","As they are","9+","3","Never","Yes","Yes, slightly","Yes","1",""
"2023/04/30 5:10:37 pm GMT+3","15-20","Female","4","2","No","Yes","Maybe","No","Yes","Never","Anxiety;Eating disorder","No","Very often","Very often","Single","No","Once in a while","Most of the time","Once in a while","Most of the time","Yes, I eat too much","As they are","9+","4","Never","Yes","Yes, slightly","Yes","3",""
"2023/04/30 5:14:11 pm GMT+3","21-30","Female","4","2","No","Yes","Yes","No","Yes","Never","Anxiety;Depression;Panic disorder","No","Somewhat often","Very often","In a relationship ","Sometimes","Most of the time","Once in a while","Once in a while","Most of the time","Yes, I don't feel hungry","from a positive perspective","7-9","3","Never","Yes","Yes, quite a bit","Yes","5",""
"2023/04/30 5:16:38 pm GMT+3","15-20","Female","5","3","No","Maybe","Maybe","I don't know","Yes","Never","Mood disorder","No","Not so often","Not so often","Single","Sometimes","Once in a while","Always","Once in a while","Most of the time","No Change","from a positive perspective","7-9","4","Never","No","No","Yes","5",""
"2023/04/30 5:59:41 pm GMT+3","15-20","Female","3","3","No","Yes","Yes","No","Yes","Once","","No","Somewhat often","Very often","Single","Sometimes","Once in a while","Once in a while","Most of the time","Never","Yes, I eat too much","As they are","9+","2","Never","No","Yes, slightly","Yes","3",""
"2023/04/30 6:00:15 pm GMT+3","31-40","Male","4","5","No","No","No","No","Yes","Every once in a while","","No","Not at all","Not at all","Married","Yes","Most of the time","Most of the time","Once in a while","Once in a while","No Change","from a positive perspective","7-9","5","Once a few weeks","No","No","Yes","5",""
"2023/04/30 6:06:23 pm GMT+3","40+","Female","3","3","Yes","Maybe","No","Yes","Yes","Once","No","Yes","Not so often","Not so often","Married","Yes","Most of the time","Once in a while","Once in a while","Most of the time","No Change","As they are","7-9","4","Once every day","No","Yes, slightly","Yes","5",""
"2023/04/30 6:14:54 pm GMT+3","31-40","Female","3","3","No","Yes","Maybe","I don't know","Yes","Every once in a while","Depression;Mood disorder;Post-traumatic stress disorder","No","Somewhat often","Somewhat often","Single","Sometimes","Most of the time","Most of the time","Once in a while","Once in a while","No Change","from a negative perspective","4-6","3","More than once everyday","Yes","No","Yes","4",""
"2023/04/30 6:16:47 pm GMT+3","31-40","Female","4","4","Maybe","No","No","Yes","Yes","Every once in a while","Mood disorder","No","Very often","Somewhat often","Married","Yes","Most of the time","Once in a while","Once in a while","Once in a while","No Change","from a positive perspective","7-9","4","More than once everyday","No","Yes, quite a bit","Yes","5",""
"2023/04/30 6:16:53 pm GMT+3","21-30","Male","5","4","No","Yes","No","Yes","Yes","Never","","No","Not at all","Not so often","Single","Yes","Most of the time","Most of the time","Once in a while","Once in a while","Yes, I eat too much","from a positive perspective","7-9","4","Never","Yes","Yes, quite a bit","Yes","2","Great questionnaire, amazing work!!"
"2023/04/30 6:17:13 pm GMT+3","40+","Female","3","3","Yes","Yes","No","No","Yes","Never","Sleep disorder (insomnia);Mood disorder","No","Not so often","Not so often","Married","Yes","Once in a while","Most of the time","Once in a while","Never","Yes, I eat too much","from a negative perspective","4-6","2","Never","No","No","Yes","1",""
"2023/04/30 6:39:35 pm GMT+3","21-30","Female","4","3","No","Yes","No","No","Yes","Never","","No","Not so often","Not so often","Single","Yes","Most of the time","Most of the time","Once in a while","Once in a while","Yes, I eat too much","from a positive perspective","7-9","4","Never","No","Yes, slightly","Yes","5",""
"2023/04/30 6:46:58 pm GMT+3","21-30","Female","4","3","No","Yes","Maybe","No","Yes","Never","Anxiety;Sleep disorder (insomnia)","No","Not so often","Not so often","Single","Sometimes","Most of the time","Most of the time","Once in a while","Once in a while","No Change","from a positive perspective","7-9","3","Never","Yes","Yes, slightly","Yes","5",""
"2023/04/30 6:48:21 pm GMT+3","15-20","Female","4","3","No","Maybe","Maybe","I don't know","Yes","Never","","No","Somewhat often","Not so often","Single","Sometimes","Most of the time","Most of the time","Once in a while","Once in a while","No Change","from a positive perspective","4-6","4","Never","No","Yes, quite a bit","Yes","5",""
"2023/04/30 6:57:58 pm GMT+3","40+","Male","3","3","Yes","Yes","Maybe","Yes","Yes","Once","Anxiety;Panic disorder;Mood disorder","No","Somewhat often","Somewhat often","Married","Yes","Once in a while","Once in a while","Once in a while","Once in a while","Yes, I don't feel hungry","from a negative perspective","4-6","2","Never","No","Yes, slightly","Yes","4","Need recommendations to make things better "
"2023/04/30 7:09:13 pm GMT+3","40+","Female","4","4","No","No","No","Yes","Yes","Regularly","Anxiety;Depression","Yes","Not so often","Not at all","Engagement ","Yes","Most of the time","Most of the time","Once in a while","Once in a while","No Change","from a positive perspective","7-9","4","More than once everyday","No","Yes, slightly","Yes","1",""
"2023/04/30 7:18:52 pm GMT+3","40+","Male","3","4","No","No","No","No","Yes","Once","","No","Not at all","Not at all","Married","Yes","Most of the time","Most of the time","Once in a while","Once in a while","No Change","from a positive perspective","4-6","4","More than once everyday","No","Yes, slightly","Yes","3",""
"2023/04/30 7:31:30 pm GMT+3","21-30","Female","4","3","No","Yes","No","No","Yes","Every once in a while","","No","Not so often","Not so often","Single","Sometimes","Most of the time","Most of the time","Once in a while","Once in a while","No Change","As they are","7-9","3","Never","No","Yes, quite a bit","Yes","5",""
"2023/04/30 7:34:39 pm GMT+3","40+","Female","1","3","No","No","No","No","Yes","Never","Anxiety;Panic disorder","No","Not so often","Not so often","Married","Yes","Most of the time","Most of the time","Once in a while","Once in a while","Yes, I eat too much","As they are","4-6","4","Never","No","No","Yes","4",""
"2023/04/30 7:44:07 pm GMT+3","21-30","Female","3","4","Yes","Yes","No","No","Yes","Never","","No","Not at all","Not at all","Single","Yes","Always","Most of the time","Once in a while","Once in a while","No Change","from a positive perspective","7-9","5","Never","Yes","No","Yes","2",""
"2023/04/30 7:58:57 pm GMT+3","31-40","Female","3","3","Yes","Yes","No","No","I don't know","Never","Eating disorder;Sleep disorder (insomnia)","No","Not so often","Somewhat often","Married","Sometimes","Once in a while","Most of the time","Never","Once in a while","Yes, I eat too much","As they are","4-6","3","Once a few weeks","Yes","Yes, slightly","Yes","4",""
"2023/04/30 8:04:55 pm GMT+3","40+","Female","3","4","No","No","No","No","Yes","Once","","No","Not so often","Somewhat often","Married","Yes","Once in a while","Once in a while","Once in a while","Always","No Change","As they are","4-6","4","More than once everyday","No","No","Yes","3",""
"2023/04/30 8:17:24 pm GMT+3","40+","Female","2","3","Yes","Yes","Maybe","No","Yes","Never","Sleep disorder (insomnia);Mood disorder","No","Somewhat often","Somewhat often","Married","Sometimes","Once in a while","Once in a while","Most of the time","Most of the time","Yes, I don't feel hungry","As they are","4-6","3","Never","Yes","No","Yes","3","No "
"2023/04/30 8:19:54 pm GMT+3","31-40","Female","3","4","No","Yes","No","No","Yes","Never","","No","Not so often","Not so often","Married","Yes","Once in a while","Once in a while","Most of the time","Once in a while","Yes, I eat too much","As they are","4-6","3","Never","No","No","Yes","4",""
"2023/04/30 8:22:57 pm GMT+3","31-40","Female","4","2","No","Maybe","Maybe","I don't know","Yes","Never","No","No","Not so often","Not so often","Married","Yes","Most of the time","Most of the time","Once in a while","Once in a while","No Change","As they are","7-9","3","Never","No","No","Yes","5",""
"2023/04/30 8:33:52 pm GMT+3","40+","Female","3","3","No","Yes","No","No","Yes","Never","Panic disorder","No","Somewhat often","Not so often","Married","No","Once in a while","Never","Once in a while","Most of the time","Yes, I don't feel hungry","from a positive perspective","7-9","3","More than once everyday","No","No","Yes","3",""
"2023/04/30 9:00:23 pm GMT+3","21-30","Male","3","4","Maybe","Yes","No","No","I don't know","Never","Anxiety;Eating disorder;Mood disorder","No","Somewhat often","Somewhat often","Single","Yes","Most of the time","Most of the time","Once in a while","Most of the time","Yes, I don't feel hungry","As they are","4-6","3","More than once everyday","Yes","Yes, quite a bit","Yes","4",""
"2023/04/30 9:04:36 pm GMT+3","15-20","Female","3","2","No","Maybe","No","No","Yes","Never","Depression;Mood disorder","No","Not so often","Not at all","Single","Yes","Most of the time","Always","Once in a while","Once in a while","No Change","As they are","4-6","3","Never","No","Yes, quite a bit","Yes","5",""
"2023/04/30 9:32:35 pm GMT+3","21-30","Female","3","3","Yes","Maybe","No","I don't know","Yes","Never","","No","Not so often","Not so often","Single","Sometimes","Once in a while","Once in a while","Most of the time","Most of the time","Yes, I don't feel hungry","As they are","7-9","3","Never","Yes","Yes, slightly","Yes","5",""
"2023/04/30 10:56:52 pm GMT+3","21-30","Female","5","4","No","No","No","No","Yes","Never","","No","Not at all","Somewhat often","Single","Yes","Most of the time","Most of the time","Once in a while","Once in a while","No Change","from a positive perspective","9+","4","Never","No","Yes, slightly","Yes","3",""
"2023/05/01 12:58:00 am GMT+3","21-30","Female","5","3","Yes","Yes","Maybe","No","Yes","Never","No","No","Somewhat often","Very often","Single","Yes","Most of the time","Most of the time","Once in a while","Most of the time","Yes, I eat too much","from a positive perspective","4-6","2","Never","No","Yes, slightly","Yes","5","i think mental health problems could possibly come from social media and tiktok as u’re very distracted with everything around u and everyone’s life so i think u should also include the social media part which has an impact, also the relationship of people with their friends and family especially the mother! 
An application to track ur mental health status by asking questions through out the day and giving u like suggestions to do when feeling down and stuff would be very interesting and helpful!🤍"
"2023/05/01 5:23:46 am GMT+3","21-30","Female","3","3","No","Yes","No","No","Yes","Never","Depression","Yes","Somewhat often","Not at all","Single","Yes","Most of the time","Once in a while","Once in a while","Once in a while","Yes, I eat too much","As they are","4-6","2","Never","Yes","Yes, quite a bit","No","5",""
"2023/05/01 6:48:21 am GMT+3","21-30","Female","3","3","No","Maybe","Maybe","No","Yes","Never","","No","Not so often","Not so often","Single","Sometimes","Most of the time","Most of the time","Once in a while","Once in a while","Yes, I eat too much","As they are","4-6","3","Never","No","Yes, slightly","Yes","4",""
"2023/05/01 9:44:57 am GMT+3","21-30","Female","4","4","No","No","No","Yes","Yes","Never","None","No","Not at all","Not so often","Single","Yes","Always","Most of the time","Once in a while","Once in a while","No Change","As they are","7-9","4","Never","No","Yes, quite a bit","Yes","3",""
"2023/05/01 1:14:04 pm GMT+3","15-20","Female","3","2","No","Yes","No","No","I don't know","Never","","No","Not so often","Not so often","Single","Yes","Most of the time","Most of the time","Once in a while","Once in a while","Yes, I don't feel hungry","from a positive perspective","4-6","2","Never","Yes","Yes, slightly","Yes","4",""
"2023/05/01 4:13:08 pm GMT+3","21-30","Female","2","3","No","No","No","No","Yes","Never","","No","Not so often","Not so often","Single","Yes","Once in a while","Once in a while","Once in a while","Once in a while","Yes, I eat too much","As they are","7-9","4","Once a few weeks","No","No","Yes","5",""
"2023/05/01 4:17:35 pm GMT+3","21-30","Female","4","3","Maybe","Yes","Maybe","No","Yes","Never","","No","Somewhat often","Somewhat often","Single","Sometimes","Always","Always","Most of the time","Once in a while","No Change","from a positive perspective","7-9","4","Never","Yes","Yes, quite a bit","Yes","5","No"
"2023/05/01 4:20:56 pm GMT+3","21-30","Female","3","1","No","Yes","Maybe","I don't know","Yes","Never","None","No","Somewhat often","Somewhat often","Single","No","Once in a while","Once in a while","Most of the time","Once in a while","Yes, I don't feel hungry","from a negative perspective","4-6","3","Never","No","Yes, slightly","Yes","5"," "
"2023/05/01 4:26:47 pm GMT+3","21-30","Female","3","4","Maybe","Maybe","No","I don't know","Yes","Never","","No","Not so often","Not at all","Single","Yes","Most of the time","Most of the time","Once in a while","Once in a while","No Change","As they are","7-9","4","Never","No","No","Yes","5",""
"2023/05/01 8:01:32 pm GMT+3","21-30","Male","4","4","No","Yes","Maybe","No","Yes","Never","Depression","No","Not so often","Not so often","Single","Yes","Most of the time","Most of the time","Never","Once in a while","No Change","from a positive perspective","Less than 4","5","Never","Yes","Yes, quite a bit","Yes","5","No thank you "
"2023/05/02 12:25:58 am GMT+3","40+","Female","4","4","No","Yes","No","No","Yes","Once","Anxiety;Depression;Panic disorder","No","Not so often","Not so often","Married","Yes","Most of the time","Most of the time","Once in a while","Once in a while","No Change","As they are","7-9","4","More than once everyday","Yes","Yes, quite a bit","Yes","5",""
"2023/05/02 12:29:02 am GMT+3","21-30","Female","3","3","No","Yes","No","No","Yes","Never","","Yes","Not so often","Not so often","Single","Yes","Once in a while","Most of the time","Once in a while","Once in a while","No Change","As they are","4-6","3","Never","No","Yes, slightly","Yes","2",""
"2023/05/02 12:36:21 am GMT+3","21-30","Female","3","3","Maybe","Yes","Yes","I don't know","Yes","Never","","No","Very often","Somewhat often","Single","Sometimes","Once in a while","Once in a while","Most of the time","Once in a while","Yes, I don't feel hungry","As they are","4-6","2","Never","Yes","Yes, slightly","Yes","4",""
"2023/05/02 4:14:24 am GMT+3","40+","Female","3","3","No","No","No","No","Yes","Every once in a while","Eating disorder","No","Not at all","Not so often","Married","Sometimes","Most of the time","Once in a while","Once in a while","Once in a while","Yes, I eat too much","As they are","7-9","4","More than once everyday","No","No","Yes","5",""
"2023/05/02 9:05:10 pm GMT+3","21-30","Male","4","4","Maybe","Yes","Maybe","I don't know","I don't know","Once","","No","Somewhat often","Somewhat often","Single","Sometimes","Once in a while","Most of the time","Once in a while","Most of the time","Yes, I don't feel hungry","from a positive perspective","4-6","3","More than once everyday","Yes","Yes, slightly","Yes","5",""
"2023/05/02 9:23:39 pm GMT+3","21-30","Female","3","3","Maybe","Yes","Yes","I don't know","Yes","Regularly","Anxiety","No","Not so often","Somewhat often","Single","Yes","Most of the time","Most of the time","Most of the time","Once in a while","Yes, I don't feel hungry","from a positive perspective","7-9","5","Never","No","Yes, slightly","Yes","1",""
"2023/05/02 9:40:42 pm GMT+3","21-30","Female","4","4","Maybe","Yes","No","I don't know","Yes","Never","Anxiety","No","Somewhat often","Somewhat often","Single","No","Once in a while","Once in a while","Most of the time","Once in a while","Yes, I eat too much","from a positive perspective","4-6","4","Never","No","Yes, slightly","Yes","5",""
"2023/05/02 10:28:11 pm GMT+3","21-30","Male","3","1","Maybe","Yes","Yes","Yes","Yes","Never","Anxiety;Depression;Sleep disorder (insomnia)","Yes","Not so often","Very often","Single","Sometimes","Always","Most of the time","Once in a while","Once in a while","Yes, I don't feel hungry","from a negative perspective","4-6","1","Once every day","Yes","Yes, quite a bit","No","2","No."
"2023/05/02 10:59:53 pm GMT+3","21-30","Female","3","2","Maybe","Yes","Yes","I don't know","Yes","Never","Anxiety","No","Not so often","Somewhat often","Single","Sometimes","Once in a while","Once in a while","Once in a while","Most of the time","Yes, I eat too much","As they are","9+","3","Never","Yes","Yes, slightly","Yes","4",""
"2023/05/03 12:24:08 am GMT+3","21-30","Female","4","3","No","Yes","No","No","Yes","Never","","No","Not at all","Not so often","Single","Sometimes","Once in a while","Most of the time","Most of the time","Once in a while","No Change","from a positive perspective","4-6","3","Never","Yes","No","Yes","3",""
"2023/05/03 9:16:39 am GMT+3","21-30","Female","3","3","No","Maybe","Maybe","Yes","Yes","Never","","No","Not so often","Not so often","Single","Yes","Most of the time","Most of the time","Once in a while","Once in a while","No Change","from a positive perspective","7-9","4","Never","Yes","Yes, slightly","Yes","5",""
"2023/05/03 9:41:37 pm GMT+3","21-30","Female","4","4","Maybe","Yes","Maybe","Yes","Yes","Never","","No","Somewhat often","Somewhat often","Single","Yes","Once in a while","Most of the time","Most of the time","Most of the time","Yes, I eat too much","As they are","7-9","5","Never","Yes","Yes, slightly","Yes","3",""
"2023/05/07 9:00:04 pm GMT+3","40+","Female","3","3","Maybe","Maybe","No","No","No","Never","","No","Not at all","Not at all","Single","Sometimes","Most of the time","Once in a while","Once in a while","Once in a while","No Change","As they are","7-9","3","Never","Yes","Yes, slightly","Yes","2",""
"2023/05/07 9:00:25 pm GMT+3","15-20","Female","3","4","No","Maybe","No","No","Yes","Never","Sleep disorder (insomnia)","No","Not so often","Not so often","Single","Yes","Once in a while","Most of the time","Never","Once in a while","No Change","from a positive perspective","4-6","4","Never","No","No","Yes","5",""
"2023/05/07 9:00:38 pm GMT+3","15-20","Female","5","5","No","Maybe","No","No","Yes","Never","Mood disorder","No","Not so often","Not so often","Single","Yes","Always","Most of the time","Once in a while","Once in a while","No Change","As they are","7-9","5","Never","No","Yes, slightly","Yes","4","No thanks"
"2023/05/07 9:04:26 pm GMT+3","15-20","Male","4","3","Maybe","Maybe","No","Yes","No","Never","Anxiety","No","Somewhat often","Somewhat often","Single","Sometimes","Most of the time","Most of the time","Once in a while","Once in a while","No Change","As they are","4-6","3","Never","No","Yes, quite a bit","Yes","5",""
"2023/05/07 9:06:42 pm GMT+3","21-30","Female","1","2","Yes","Yes","Maybe","No","Yes","Never","","No","Somewhat often","Somewhat often","Married","Yes","Once in a while","Once in a while","Once in a while","Most of the time","Yes, I eat too much","from a positive perspective","7-9","3","Once a few weeks","No","Yes, quite a bit","Yes","3",""
"2023/05/07 9:08:39 pm GMT+3","21-30","Female","4","4","Maybe","Yes","No","Yes","Yes","Never","Anxiety;Sleep disorder (insomnia)","No","Not so often","Somewhat often","Single","No","Most of the time","Most of the time","Once in a while","Once in a while","Yes, I eat too much","from a negative perspective","4-6","2","Never","No","Yes, slightly","Yes","5",""
"2023/05/07 9:12:43 pm GMT+3","21-30","Female","4","3","Maybe","No","Maybe","No","I don't know","Never","","No","Somewhat often","Not so often","Single","Sometimes","Once in a while","Once in a while","Once in a while","Once in a while","No Change","As they are","4-6","1","Never","No","Yes, slightly","Yes","3",""
"2023/05/07 9:13:34 pm GMT+3","21-30","Male","3","4","Yes","Yes","No","No","Yes","Never","","No","Not so often","Not so often","Engaged","Yes","Once in a while","Most of the time","Most of the time","Most of the time","Yes, I eat too much","from a positive perspective","7-9","2","Never","No","No","Yes","4",""
"2023/05/07 9:14:08 pm GMT+3","40+","Male","4","4","No","No","No","No","Yes","Never","","Yes","Not at all","Not at all","Married","Yes","Most of the time","Most of the time","Once in a while","Once in a while","No Change","from a positive perspective","7-9","4","Never","No","No","Yes","4",""
"2023/05/07 9:19:02 pm GMT+3","31-40","Female","3","4","Maybe","Maybe","No","I don't know","No","Never","","No","Not so often","Not so often","Married","Yes","Once in a while","Once in a while","Once in a while","Once in a while","No Change","from a positive perspective","7-9","4","More than once everyday","No","No","Yes","5",""
"2023/05/07 9:21:17 pm GMT+3","15-20","Female","4","4","No","Yes","No","No","I don't know","Never","","No","Not so often","Not so often","Single","Yes","Most of the time","Most of the time","Once in a while","Once in a while","Yes, I eat too much","from a positive perspective","7-9","5","Never","No","Yes, slightly","Yes","4","No thank you "
"2023/05/07 9:42:09 pm GMT+3","21-30","Female","4","4","Maybe","Yes","Maybe","No","I don't know","Never","Eating disorder","Yes","Somewhat often","Not so often","Married","Yes","Always","Once in a while","Once in a while","Once in a while","Yes, I don't feel hungry","As they are","7-9","3","Never","Yes","Yes, quite a bit","Yes","4",""
"2023/05/07 9:50:05 pm GMT+3","15-20","Male","4","3","No","Yes","No","No","No","Never","","No","Somewhat often","Very often","Single","No","Most of the time","Once in a while","Once in a while","Once in a while","No Change","As they are","7-9","4","Never","No","Yes, slightly","Yes","2",""
"2023/05/07 9:54:09 pm GMT+3","40+","Male","3","2","Yes","Yes","Maybe","I don't know","I don't know","Never","","No","Somewhat often","Not so often","Married","Yes","Once in a while","Never","Most of the time","Most of the time","No Change","from a negative perspective","7-9","3","Never","No","Yes, slightly","Yes","3",""
"2023/05/07 11:04:37 pm GMT+3","15-20","Female","3","3","Maybe","Maybe","No","No","Yes","Never","Eating disorder;Mood disorder","No","Somewhat often","Not so often","Single","Yes","Once in a while","Always","Most of the time","Most of the time","Yes, I don't feel hungry","from a positive perspective","4-6","1","Never","No","Yes, slightly","Yes","5",""
"2023/05/07 11:09:42 pm GMT+3","21-30","Female","4","3","Maybe","Yes","No","No","Yes","Never","","No","Somewhat often","Not so often","Engaged ","Yes","Most of the time","Once in a while","Once in a while","Once in a while","No Change","As they are","7-9","4","Never","No","Yes, slightly","Yes","5",""
"2023/05/07 11:26:55 pm GMT+3","21-30","Female","4","4","Yes","Yes","No","No","Yes","Never","Anxiety;Eating disorder;Sleep disorder (insomnia)","No","Not so often","Not so often","Engaged","Sometimes","Most of the time","Most of the time","Once in a while","Once in a while","Yes, I eat too much","As they are","4-6","2","Never","Yes","Yes, quite a bit","Yes","4",""
"2023/05/07 11:29:01 pm GMT+3","15-20","Female","4","3","Yes","Yes","Maybe","No","Yes","Never","Sleep disorder (insomnia)","No","Somewhat often","Somewhat often","Single","Yes","Most of the time","Always","Never","Most of the time","Yes, I don't feel hungry","from a positive perspective","9+","5","Never","No","Yes, quite a bit","Yes","5",""
"2023/05/08 12:08:32 am GMT+3","40+","Male","4","5","No","No","No","No","I don't know","Never","Sleep disorder (insomnia)","No","Somewhat often","Not at all","Married","Yes","Most of the time","Always","Once in a while","Once in a while","Yes, I don't feel hungry","As they are","4-6","2","More than once everyday","No","No","Yes","1",""
"2023/05/08 12:24:15 am GMT+3","21-30","Male","4","3","Yes","Yes","Maybe","I don't know","I don't know","Never","","Yes","Somewhat often","Not so often","Single","Sometimes","Most of the time","Once in a while","Once in a while","Once in a while","Yes, I eat too much","As they are","7-9","3","Never","Yes","Yes, slightly","Yes","3",""
"2023/05/08 12:26:02 am GMT+3","21-30","Female","3","2","Yes","Yes","Maybe","No","Yes","Every once in a while","Anxiety;Depression;Sleep disorder (insomnia)","No","Somewhat often","Somewhat often","in relationship","No","Never","Once in a while","Once in a while","Most of the time","Yes, I eat too much","from a negative perspective","4-6","2","Never","Yes","Yes, slightly","Yes","5",""
"2023/05/08 12:29:37 am GMT+3","21-30","Female","3","3","Yes","Yes","No","No","No","Never","Anxiety;Eating disorder;Sleep disorder (insomnia);Mood disorder","No","Not so often","Very often","Married","Yes","Once in a while","Once in a while","Most of the time","Most of the time","Yes, I don't feel hungry","from a negative perspective","7-9","3","Never","No","Yes, slightly","Yes","3",""
"2023/05/08 12:40:01 am GMT+3","21-30","Female","3","4","Yes","No","No","No","I don't know","Never","Panic disorder","No","Not so often","Somewhat often","Married","Yes","Most of the time","Most of the time","Once in a while","Once in a while","No Change","from a positive perspective","7-9","3","Never","No","No","Yes","4",""
"2023/05/08 4:25:41 am GMT+3","40+","Male","3","3","No","No","No","No","Yes","Once","","Yes","Not so often","Not so often","Married","Yes","Most of the time","Most of the time","Once in a while","Once in a while","No Change","As they are","7-9","3","Never","No","No","Yes","3",""
"2023/05/08 6:03:48 am GMT+3","15-20","Female","3","5","No","No","No","No","Yes","Never","","No","Not so often","Not at all","Single","Yes","Most of the time","Most of the time","Once in a while","Once in a while","No Change","As they are","4-6","4","Never","No","Yes, slightly","Yes","5",""
"2023/05/08 8:59:41 am GMT+3","21-30","Female","3","3","No","Maybe","No","No","Yes","Never","No","No","Not so often","Not so often","Single","Yes","Most of the time","Most of the time","Once in a while","Once in a while","No Change","from a positive perspective","7-9","4","Once a few weeks","No","Yes, quite a bit","Yes","5",""
"2023/05/08 9:04:03 am GMT+3","31-40","Male","4","4","No","No","No","No","Yes","Never","","No","Not at all","Not at all","Married","Yes","Most of the time","Once in a while","Once in a while","Once in a while","No Change","As they are","7-9","3","Once a few weeks","No","Yes, slightly","Yes","3",""
"2023/05/08 9:05:36 am GMT+3","21-30","Female","3","4","Yes","Yes","No","Yes","I don't know","Never","Depression;Panic disorder","No","Not so often","Not at all","Single","Yes","Always","Always","Once in a while","Once in a while","Yes, I eat too much","As they are","7-9","3","Never","Yes","Yes, quite a bit","Yes","4",""
"2023/05/08 9:12:46 am GMT+3","21-30","Male","4","5","No","Yes","No","No","Yes","Never","Anxiety;Sleep disorder (insomnia)","No","Not so often","Not so often","Married","Yes","Once in a while","Most of the time","Never","Most of the time","Yes, I eat too much","As they are","4-6","1","More than once everyday","No","No","Yes","3",""
"2023/05/08 9:48:29 am GMT+3","40+","Male","3","4","No","No","No","No","Yes","Once","Anxiety","No","Not so often","Not so often","Married","Yes","Most of the time","Most of the time","Most of the time","Once in a while","No Change","from a positive perspective","4-6","3","More than once everyday","No","Yes, slightly","Yes","4",""
"2023/05/08 10:01:32 am GMT+3","40+","Male","3","4","No","No","No","No","Yes","Never","","No","Not at all","Not at all","Married","Yes","Most of the time","Once in a while","Once in a while","Once in a while","Yes, I eat too much","from a positive perspective","7-9","4","Once every day","No","Yes, slightly","Yes","5",""
"2023/05/08 11:49:23 am GMT+3","40+","Male","3","4","No","Yes","No","No","Yes","Once","Panic disorder","Yes","Not so often","Somewhat often","Married","Sometimes","Once in a while","Most of the time","Once in a while","Once in a while","No Change","As they are","7-9","4","More than once everyday","Yes","No","Yes","4","In a limited number "
"2023/05/08 11:57:42 am GMT+3","40+","Male","4","4","No","Yes","No","No","No","Never","Sleep disorder (insomnia);Panic disorder","Yes","Not so often","Not at all","Married","Yes","Most of the time","Most of the time","Once in a while","Once in a while","No Change","from a positive perspective","7-9","3","Never","No","No","Yes","5",""
"2023/05/08 12:00:10 pm GMT+3","40+","Male","3","3","No","Yes","No","No","Yes","Never","Non ","No","Somewhat often","Somewhat often","Married","Sometimes","Once in a while","Once in a while","Most of the time","Once in a while","No Change","As they are","9+","4","Once every day","No","Yes, slightly","Yes","3","If the mental health will be via an application , privacy issue is a big deal and needs to be secured "
"2023/05/08 7:56:40 pm GMT+3","21-30","Male","3","3","No","Yes","No","Yes","Yes","Never","","No","Not so often","Not so often","In a relationship","Sometimes","Most of the time","Most of the time","Most of the time","Most of the time","Yes, I don't feel hungry","from a positive perspective","7-9","4","Once a few weeks","No","Yes, quite a bit","Yes","5",""